{"cameraMode":{"drawMode":0,"name":"Shaded","section":"Shading Mode"},"sceneLighting":true,"audioPlay":false,"sceneViewState":{"m_AlwaysRefresh":false,"showFog":true,"showSkybox":true,"showFlares":true,"showImageEffects":true,"showParticleSystems":true,"showVisualEffectGraphs":true,"m_FxEnabled":true},"in2DMode":false,"pivot":{"x":-0.5273533463478088,"y":20.982389450073243,"z":-58.30392837524414},"rotation":{"x":-0.27417975664138796,"y":0.023654403164982797,"z":-0.006739699747413397,"w":-0.9614110589027405},"size":1.1997464895248414,"orthographic":false}